{
  "id_1767124624.2977047": 0.3993595383094559,

  "id_1767124624.298042": 1.0,

  "id_1767124624.2981355": 0.04310087366354669,

  "id_1767124624.2982297": 0.037485864482410765,

  "id_1767124624.2983215": 0.03359565651774439,

  "id_1767124624.298438": 0.04015372703542535,

  "id_1767124624.2985268": 0.23809976181208545,

  "id_1767124624.2986302": 0.023936174299485448,

  "id_1767124624.29871": 0.2567029386383745,

  "id_1767124624.3096793": 0.0,

  "id_1767124624.3098388": 0.25694266028359064,

  "id_1767124624.3099265": 0.0401718846847897,

  "id_1767124624.3100352": 0.23068762222681463,

  "id_1767124624.3101635": 0.04015372703542535,

  "id_1767124624.3102305": 0.04510701733637772,

  "id_1767124624.3102875": 0.023936174299485448,

  "id_1767124624.3103511": 0.04080232711718307,

  "id_1767124624.310419": 0.8408778409813277,

  "id_1767124624.3105204": 0.5903240452398354
}
