{"id_1767124624.2977047": 0.3333333333333333, "id_1767124624.298042": 0.5, "id_1767124624.2981355": 0.16666666666666666, "id_1767124624.2982297": 0.16666666666666666, "id_1767124624.2983215": 0.16666666666666666, "id_1767124624.298438": 0.16666666666666666, "id_1767124624.2985268": 0.3333333333333333, "id_1767124624.2986302": 0.16666666666666666, "id_1767124624.29871": 0.3333333333333333, "id_1767124624.3096793": 0.16666666666666666, "id_1767124624.3098388": 0.3333333333333333, "id_1767124624.3099265": 0.16666666666666666, "id_1767124624.3100352": 0.3333333333333333, "id_1767124624.3101635": 0.16666666666666666, "id_1767124624.3102305": 0.16666666666666666, "id_1767124624.3102875": 0.16666666666666666, "id_1767124624.3103511": 0.16666666666666666, "id_1767124624.310419": 0.5, "id_1767124624.3105204": 0.5}