{"id_1767124624.310419": 1.0, "id_1767124624.3100352": 0.816907913986624, "id_1767124624.3105204": 0.6306022892115312, "id_1767124624.2985268": 0.43673553318112124, "id_1767124624.3101635": 0.1616490393590857, "id_1767124624.2983215": 0.1550573037273416, "id_1767124624.29871": 0.10478440030627956, "id_1767124624.2982297": 0.09270715323524192, "id_1767124624.298042": 0.050217244342196654, "id_1767124624.2981355": 0.0}